{
  "placeholderImages": [
    {
      "id": "avatar-1",
      "description": "Avatar for Aarav Sharma",
      "imageUrl": "https://images.unsplash.com/photo-1522529599102-193c0d76b5b6?crop=entropy&cs=tinysrgb&fit=max&fm=jpg&ixid=M3w3NDE5ODJ8MHwxfHNlYXJjaHw0fHxtYWxlJTIwc3R1ZGVudHxlbnwwfHx8fDE3NTk1OTgxNzd8MA&ixlib=rb-4.1.0&q=80&w=1080",
      "imageHint": "male student"
    },
    {
      "id": "avatar-2",
      "description": "Avatar for Diya Patel",
      "imageUrl": "https://images.unsplash.com/photo-1610012525054-b6ab57df6105?crop=entropy&cs=tinysrgb&fit=max&fm=jpg&ixid=M3w3NDE5ODJ8MHwxfHNlYXJjaHw1fHxmZW1hbGUlMjBzdHVkZW50fGVufDB8fHx8MTc1OTU5MjIyM3ww&ixlib=rb-4.1.0&q=80&w=1080",
      "imageHint": "female student"
    },
    {
      "id": "avatar-3",
      "description": "Avatar for Vivaan Gupta",
      "imageUrl": "https://images.unsplash.com/photo-1522529599102-193c0d76b5b6?crop=entropy&cs=tinysrgb&fit=max&fm=jpg&ixid=M3w3NDE5ODJ8MHwxfHNlYXJjaHw0fHxtYWxlJTIwc3R1ZGVudHxlbnwwfHx8fDE3NTk1OTgxNzd8MA&ixlib=rb-4.1.0&q=80&w=1080",
      "imageHint": "male student"
    },
    {
      "id": "avatar-4",
      "description": "Avatar for Ananya Singh",
      "imageUrl": "https://images.unsplash.com/photo-1610012525054-b6ab57df6105?crop=entropy&cs=tinysrgb&fit=max&fm=jpg&ixid=M3w3NDE5ODJ8MHwxfHNlYXJjaHw1fHxmZW1hbGUlMjBzdHVkZW50fGVufDB8fHx8MTc1OTU5MjIyM3ww&ixlib=rb-4.1.0&q=80&w=1080",
      "imageHint": "female student"
    },
    {
      "id": "avatar-5",
      "description": "Avatar for Ishaan Kumar",
      "imageUrl": "https://images.unsplash.com/photo-1544168190-79c17527004f?crop=entropy&cs=tinysrgb&fit=max&fm=jpg&ixid=M3w3NDE5ODJ8MHwxfHNlYXJjaHwyfHxtYWxlJTIwc3R1ZGVudHxlbnwwfHx8fDE3NTk1OTgxNzd8MA&ixlib=rb-4.1.0&q=80&w=1080",
      "imageHint": "male student"
    },
    {
      "id": "avatar-6",
      "description": "Avatar for Myra Reddy",
      "imageUrl": "https://images.unsplash.com/photo-1584012961499-2147c0b3cf0d?crop=entropy&cs=tinysrgb&fit=max&fm=jpg&ixid=M3w3NDE5ODJ8MHwxfHNlYXJjaHwxMHx8ZmVtYWxlJTIwc3R1ZGVudHxlbnwwfHx8fDE3NTk1OTIyMjN8MA&ixlib=rb-4.1.0&q=80&w=1080",
      "imageHint": "female student"
    },
    {
      "id": "avatar-7",
      "description": "Avatar for Kabir Joshi",
      "imageUrl": "https://images.unsplash.com/photo-1522529599102-193c0d76b5b6?crop=entropy&cs=tinysrgb&fit=max&fm=jpg&ixid=M3w3NDE5ODJ8MHwxfHNlYXJjaHw0fHxtYWxlJTIwc3R1ZGVudHxlbnwwfHx8fDE3NTk1OTgxNzd8MA&ixlib=rb-4.1.0&q=80&w=1080",
      "imageHint": "male student"
    },
    {
      "id": "avatar-8",
      "description": "Avatar for Saanvi Rao",
      "imageUrl": "https://images.unsplash.com/photo-1438761681033-6461ffad8d80?crop=entropy&cs=tinysrgb&fit=max&fm=jpg&ixid=M3w3NDE5ODJ8MHwxfHNlYXJjaHw0fHxmZW1hbGUlMjBzdHVkZW50fGVufDB8fHx8MTc1OTU5MjIyM3ww&ixlib=rb-4.1.0&q=80&w=1080",
      "imageHint": "female student"
    },
    {
      "id": "avatar-9",
      "description": "Avatar for Arjun Desai",
      "imageUrl": "https://images.unsplash.com/photo-1631131428457-3c14bdcb81d4?crop=entropy&cs=tinysrgb&fit=max&fm=jpg&ixid=M3w3NDE5ODJ8MHwxfHNlYXJjaHw5fHxtYWxlJTIwc3R1ZGVudHxlbnwwfHx8fDE3NTk1OTgxNzd8MA&ixlib=rb-4.1.0&q=80&w=1080",
      "imageHint": "male student"
    },
    {
      "id": "avatar-10",
      "description": "Avatar for Zara Khan",
      "imageUrl": "https://images.unsplash.com/photo-1610012525054-b6ab57df6105?crop=entropy&cs=tinysrgb&fit=max&fm=jpg&ixid=M3w3NDE5ODJ8MHwxfHNlYXJjaHw1fHxmZW1hbGUlMjBzdHVkZW50fGVufDB8fHx8MTc1OTU5MjIyM3ww&ixlib=rb-4.1.0&q=80&w=1080",
      "imageHint": "female student"
    }
  ]
}